Base	N-Count	sample
1	0.07831325301204818	brain100-1-1
2	0.0	brain100-1-1
3	0.0	brain100-1-1
4	0.0	brain100-1-1
5	0.0	brain100-1-1
6	0.0	brain100-1-1
7	0.0	brain100-1-1
8	0.0	brain100-1-1
9	0.0	brain100-1-1
10	0.0	brain100-1-1
12	0.0	brain100-1-1
14	0.0	brain100-1-1
16	0.0	brain100-1-1
18	0.0	brain100-1-1
20	0.006024096385542168	brain100-1-1
22	0.006024096385542168	brain100-1-1
24	0.012048192771084336	brain100-1-1
26	0.006024096385542168	brain100-1-1
28	0.006024096385542168	brain100-1-1
30	0.0	brain100-1-1
32	0.0	brain100-1-1
34	0.06024096385542169	brain100-1-1
36	0.0	brain100-1-1
38	0.0	brain100-1-1
40	0.0	brain100-1-1
42	0.0	brain100-1-1
44	0.0	brain100-1-1
46	0.0	brain100-1-1
48	0.0	brain100-1-1
50	0.0	brain100-1-1
52	0.0	brain100-1-1
54	0.0	brain100-1-1
56	0.0	brain100-1-1
58	0.0	brain100-1-1
60	0.0	brain100-1-1
62	0.0	brain100-1-1
64	0.0	brain100-1-1
66	0.0	brain100-1-1
68	0.0	brain100-1-1
70	0.0	brain100-1-1
72	0.0	brain100-1-1
74	0.0	brain100-1-1
76	0.0	brain100-1-1
78	0.0	brain100-1-1
80	0.0	brain100-1-1
82	0.0	brain100-1-1
84	0.0	brain100-1-1
86	0.0	brain100-1-1
88	0.0	brain100-1-1
90	0.0	brain100-1-1
92	0.0	brain100-1-1
94	0.0	brain100-1-1
96	0.0	brain100-1-1
98	0.0	brain100-1-1
100	0.0	brain100-1-1
